Ticker,Calls or Puts,Today Date,Time of Retrieval,contractSymbol,strike,currency,lastPrice,change,percentChange,volume,openInterest,bid,ask,contractSize,expiration,lastTradeDate,impliedVolatility,inTheMoney,Days left to Expiration,Underlying Price
SPY,Calls,2019-01-27,16:20:05,SPY190128C00150000,150.0,USD,97.04,0.0,0.0,24,24,115.67,116.02,REGULAR,2019-01-28,2018-12-28 02:17:51,2.9765650585937498,True,1,265.78
SPY,Calls,2019-01-27,16:20:05,SPY190128C00210000,210.0,USD,52.54,0.0,0.0,2,100,55.69,56.04,REGULAR,2019-01-28,2019-01-24 00:20:36,1.3750031249999999,True,1,265.78
SPY,Calls,2019-01-27,16:20:05,SPY190128C00235000,235.0,USD,31.09,5.370001,20.878698,10,77,30.7,31.05,REGULAR,2019-01-28,2019-01-25 22:43:52,0.7929708203125,True,1,265.78
SPY,Calls,2019-01-27,16:20:05,SPY190128C00236000,236.0,USD,13.37,0.0,0.0,49,48,29.7,30.05,REGULAR,2019-01-28,2019-01-03 23:05:34,0.7695335546875001,True,1,265.78
SPY,Calls,2019-01-27,16:20:05,SPY190128C00237000,237.0,USD,25.21,0.0,0.0,7,62,28.7,29.05,REGULAR,2019-01-28,2019-01-22 23:40:09,0.74414318359375,True,1,265.78
SPY,Calls,2019-01-27,16:20:05,SPY190128C00238000,238.0,USD,10.62,0.0,0.0,29,43,27.7,28.05,REGULAR,2019-01-28,2019-01-03 23:47:06,0.72070591796875,True,1,265.78
SPY,Calls,2019-01-27,16:20:05,SPY190128C00239000,239.0,USD,18.84,0.0,0.0,25,19,26.7,27.05,REGULAR,2019-01-28,2019-01-08 20:15:57,0.6972686523437501,True,1,265.78
SPY,Calls,2019-01-27,16:20:05,SPY190128C00240000,240.0,USD,22.28,0.0,0.0,7,145,25.75,26.03,REGULAR,2019-01-28,2019-01-24 23:44:02,0.6894562304687502,True,1,265.78
SPY,Calls,2019-01-27,16:20:05,SPY190128C00241000,241.0,USD,23.31,0.0,0.0,1,129,24.75,25.03,REGULAR,2019-01-28,2019-01-23 20:14:39,0.6660189648437502,True,1,265.78
SPY,Calls,2019-01-27,16:20:05,SPY190128C00242000,242.0,USD,20.46,0.0,0.0,3,217,23.7,24.03,REGULAR,2019-01-28,2019-01-24 00:04:33,0.6171913281250001,True,1,265.78
SPY,Calls,2019-01-27,16:20:05,SPY190128C00243000,243.0,USD,23.18,0.0,0.0,5,711,22.75,23.03,REGULAR,2019-01-28,2019-01-19 02:05:56,0.6171913281250001,True,1,265.78
SPY,Calls,2019-01-27,16:20:05,SPY190128C00244000,244.0,USD,17.8,0.0,0.0,2,890,21.7,22.03,REGULAR,2019-01-28,2019-01-17 23:40:32,0.570316796875,True,1,265.78
SPY,Calls,2019-01-27,16:20:05,SPY190128C00245000,245.0,USD,20.7,2.6800003,14.872365,4,495,20.75,21.03,REGULAR,2019-01-28,2019-01-26 02:10:10,0.570316796875,True,1,265.78
SPY,Calls,2019-01-27,16:20:05,SPY190128C00246000,246.0,USD,16.23,0.0,0.0,1,51,19.7,20.03,REGULAR,2019-01-28,2019-01-22 23:45:07,0.523442265625,True,1,265.78
SPY,Calls,2019-01-27,16:20:05,SPY190128C00247000,247.0,USD,19.03,3.7200003,24.297846,2,459,18.7,19.03,REGULAR,2019-01-28,2019-01-26 01:53:23,0.500005,True,1,265.78
SPY,Calls,2019-01-27,16:20:05,SPY190128C00248000,248.0,USD,18.02,2.8100004,18.474691,2,2306,17.7,18.03,REGULAR,2019-01-28,2019-01-26 01:53:23,0.5810588769531251,True,1,265.78
SPY,Calls,2019-01-27,16:20:05,SPY190128C00249000,249.0,USD,16.9,-0.25,-1.457726,3,535,16.7,17.03,REGULAR,2019-01-28,2019-01-25 23:42:19,0.5537154003906251,True,1,265.78
SPY,Calls,2019-01-27,16:20:05,SPY190128C00249500,249.5,USD,15.81,2.38,17.72152,1,11,16.2,16.55,REGULAR,2019-01-28,2019-01-25 20:04:20,0.5488326367187502,True,1,265.78
SPY,Calls,2019-01-27,16:20:05,SPY190128C00250000,250.0,USD,15.9,3.4899998,28.122482,2,1957,15.7,16.03,REGULAR,2019-01-28,2019-01-26 01:41:35,0.526371923828125,True,1,265.78
SPY,Calls,2019-01-27,16:20:05,SPY190128C00250500,250.5,USD,12.92,0.0,0.0,15,22,15.25,15.55,REGULAR,2019-01-28,2019-01-25 02:17:23,0.5214891601562499,True,1,265.78
SPY,Calls,2019-01-27,16:20:05,SPY190128C00251000,251.0,USD,15.12,3.8499994,34.161484,3,946,14.75,15.03,REGULAR,2019-01-28,2019-01-26 00:51:14,0.499028447265625,True,1,265.78
SPY,Calls,2019-01-27,16:20:05,SPY190128C00252000,252.0,USD,13.93,-0.75,-5.1089916,2,448,13.7,14.05,REGULAR,2019-01-28,2019-01-26 01:42:40,0.47949739257812496,True,1,265.78
SPY,Calls,2019-01-27,16:20:05,SPY190128C00253000,253.0,USD,12.78,2.6399994,26.035496,3,371,12.71,13.03,REGULAR,2019-01-28,2019-01-26 01:57:34,0.44385321777343745,True,1,265.78
SPY,Calls,2019-01-27,16:20:05,SPY190128C00254000,254.0,USD,9.1,0.0,0.0,40,457,11.75,12.05,REGULAR,2019-01-28,2019-01-23 02:29:53,0.42383388671875,True,1,265.78
SPY,Calls,2019-01-27,16:20:05,SPY190128C00255000,255.0,USD,10.44,2.4799995,31.155773,183,933,10.75,11.06,REGULAR,2019-01-28,2019-01-26 02:02:21,0.398443515625,True,1,265.78
SPY,Calls,2019-01-27,16:20:05,SPY190128C00255500,255.5,USD,10.16,1.3599997,15.454541,1,18,10.21,10.56,REGULAR,2019-01-28,2019-01-25 20:21:07,0.3842835009765625,True,1,265.78
SPY,Calls,2019-01-27,16:20:05,SPY190128C00256000,256.0,USD,9.77,2.4000006,32.564457,4,704,9.75,10.06,REGULAR,2019-01-28,2019-01-26 01:57:34,0.370123486328125,True,1,265.78
SPY,Calls,2019-01-27,16:20:05,SPY190128C00256500,256.5,USD,9.72,2.7600002,39.655174,1,29,9.25,9.56,REGULAR,2019-01-28,2019-01-25 22:35:25,0.35547519531249994,True,1,265.78
SPY,Calls,2019-01-27,16:20:05,SPY190128C00257000,257.0,USD,8.82,2.4199996,37.812492,51,777,8.71,9.06,REGULAR,2019-01-28,2019-01-26 02:14:11,0.340826904296875,True,1,265.78
SPY,Calls,2019-01-27,16:20:05,SPY190128C00257500,257.5,USD,8.43,2.88,51.89189,1,232,8.24,8.53,REGULAR,2019-01-28,2019-01-26 00:54:12,0.31641308593749995,True,1,265.78
SPY,Calls,2019-01-27,16:20:05,SPY190128C00258000,258.0,USD,7.9,2.7600002,53.696503,134,112,7.76,8.04,REGULAR,2019-01-28,2019-01-26 01:13:50,0.304694453125,True,1,265.78
SPY,Calls,2019-01-27,16:20:05,SPY190128C00258500,258.5,USD,7.76,2.21,39.81982,11,369,7.22,7.54,REGULAR,2019-01-28,2019-01-25 20:45:48,0.29004616210937495,True,1,265.78
SPY,Calls,2019-01-27,16:20:05,SPY190128C00259000,259.0,USD,5.2,0.0,0.0,12,283,6.72,7.04,REGULAR,2019-01-28,2019-01-24 20:57:42,0.27539787109374997,True,1,265.78
SPY,Calls,2019-01-27,16:20:05,SPY190128C00259500,259.5,USD,6.23,1.9900002,46.93397,136,370,6.27,6.55,REGULAR,2019-01-28,2019-01-26 02:22:10,0.26270268554687504,True,1,265.78
SPY,Calls,2019-01-27,16:20:05,SPY190128C00260000,260.0,USD,5.85,2.4499998,72.058815,662,7079,5.78,6.05,REGULAR,2019-01-28,2019-01-26 02:33:09,0.2475661181640625,True,1,265.78
SPY,Calls,2019-01-27,16:20:05,SPY190128C00261000,261.0,USD,4.75,2.04,75.27675,399,862,4.76,5.07,REGULAR,2019-01-28,2019-01-26 02:29:47,0.22071091796874998,True,1,265.78
SPY,Calls,2019-01-27,16:20:05,SPY190128C00262000,262.0,USD,3.9,1.52,63.865543,825,3620,3.79,4.1,REGULAR,2019-01-28,2019-01-26 02:42:56,0.19458813232421873,True,1,265.78
SPY,Calls,2019-01-27,16:20:05,SPY190128C00263000,263.0,USD,2.91,1.6300001,127.343765,1710,3565,2.96,3.05,REGULAR,2019-01-28,2019-01-26 02:35:10,0.14991084472656252,True,1,265.78
SPY,Calls,2019-01-27,16:20:05,SPY190128C00264000,264.0,USD,2.18,1.3600001,165.85368,2001,4275,2.1,2.19,REGULAR,2019-01-28,2019-01-26 02:44:20,0.13721565917968753,True,1,265.78
SPY,Calls,2019-01-27,16:20:05,SPY190128C00265000,265.0,USD,1.41,0.92999995,193.74998,11508,5874,1.37,1.45,REGULAR,2019-01-28,2019-01-26 02:43:10,0.12915909912109375,True,1,265.78
SPY,Calls,2019-01-27,16:20:05,SPY190128C00266000,266.0,USD,0.84,0.58,223.07692,26168,4493,0.8,0.85,REGULAR,2019-01-28,2019-01-26 02:44:48,0.12183495361328125,False,1,265.78
SPY,Calls,2019-01-27,16:20:05,SPY190128C00267000,267.0,USD,0.42,0.22999999,121.05262,15852,3766,0.42,0.46,REGULAR,2019-01-28,2019-01-26 02:44:50,0.12037012451171875,False,1,265.78
SPY,Calls,2019-01-27,16:20:05,SPY190128C00268000,268.0,USD,0.2,0.13,185.71428,8894,2180,0.19,0.2,REGULAR,2019-01-28,2019-01-26 02:44:20,0.11548736083984376,False,1,265.78
SPY,Calls,2019-01-27,16:20:05,SPY190128C00269000,269.0,USD,0.07,0.02,39.999996,8085,1564,0.07,0.08,REGULAR,2019-01-28,2019-01-26 02:44:46,0.1147549462890625,False,1,265.78
SPY,Calls,2019-01-27,16:20:05,SPY190128C00270000,270.0,USD,0.02,-0.02,-50.0,200552,1572,0.01,0.02,REGULAR,2019-01-28,2019-01-26 02:44:45,0.10743080078125,False,1,265.78
SPY,Calls,2019-01-27,16:20:05,SPY190128C00275000,275.0,USD,0.01,0.0,0.0,31,2035,0.0,0.01,REGULAR,2019-01-28,2019-01-25 20:13:42,0.1914143359375,False,1,265.78
SPY,Puts,2019-01-27,16:20:05,SPY190128P00175000,175.0,USD,0.01,0.0,0.0,10,33,0.0,0.01,REGULAR,2019-01-28,2019-01-12 00:44:33,1.75000125,False,1,265.78
SPY,Puts,2019-01-27,16:20:05,SPY190128P00185000,185.0,USD,0.02,0.0,0.0,20,42,0.0,0.01,REGULAR,2019-01-28,2019-01-15 20:50:13,1.5312523437499999,False,1,265.78
SPY,Puts,2019-01-27,16:20:05,SPY190128P00190000,190.0,USD,0.01,0.0,0.0,10,411,0.0,0.01,REGULAR,2019-01-28,2019-01-15 22:50:10,1.4375028125,False,1,265.78
SPY,Puts,2019-01-27,16:20:05,SPY190128P00195000,195.0,USD,0.13,0.0,0.0,1,53,0.0,0.01,REGULAR,2019-01-28,2019-01-04 01:42:48,1.3125034374999998,False,1,265.78
SPY,Puts,2019-01-27,16:20:05,SPY190128P00196000,196.0,USD,0.13,0.0,0.0,200,200,0.0,0.01,REGULAR,2019-01-28,2019-01-04 02:35:12,1.3125034374999998,False,1,265.78
SPY,Puts,2019-01-27,16:20:05,SPY190128P00198000,198.0,USD,0.01,0.0,0.0,240,450,0.0,0.01,REGULAR,2019-01-28,2019-01-18 21:12:30,1.2500037499999999,False,1,265.78
SPY,Puts,2019-01-27,16:20:05,SPY190128P00199000,199.0,USD,0.01,0.0,0.0,240,660,0.0,0.01,REGULAR,2019-01-28,2019-01-18 21:12:38,1.2500037499999999,False,1,265.78
SPY,Puts,2019-01-27,16:20:05,SPY190128P00200000,200.0,USD,0.01,0.0,0.0,30,169,0.0,0.01,REGULAR,2019-01-28,2019-01-18 20:33:49,1.21875390625,False,1,265.78
SPY,Puts,2019-01-27,16:20:05,SPY190128P00201000,201.0,USD,0.01,0.0,0.0,30,130,0.0,0.01,REGULAR,2019-01-28,2019-01-18 20:30:47,1.1875040625,False,1,265.78
SPY,Puts,2019-01-27,16:20:05,SPY190128P00204000,204.0,USD,0.04,0.0,0.0,2,61,0.0,0.01,REGULAR,2019-01-28,2019-01-09 22:23:03,1.15625421875,False,1,265.78
SPY,Puts,2019-01-27,16:20:05,SPY190128P00205000,205.0,USD,0.01,0.0,0.0,50,278,0.0,0.01,REGULAR,2019-01-28,2019-01-22 22:29:19,1.125004375,False,1,265.78
SPY,Puts,2019-01-27,16:20:05,SPY190128P00206000,206.0,USD,0.01,0.0,0.0,23,24,0.0,0.01,REGULAR,2019-01-28,2019-01-23 02:35:01,1.09375453125,False,1,265.78
SPY,Puts,2019-01-27,16:20:05,SPY190128P00207000,207.0,USD,0.01,0.0,0.0,14,15,0.0,0.01,REGULAR,2019-01-28,2019-01-23 02:34:02,1.09375453125,False,1,265.78
SPY,Puts,2019-01-27,16:20:05,SPY190128P00208000,208.0,USD,0.01,0.0,0.0,46,590,0.0,0.01,REGULAR,2019-01-28,2019-01-23 02:29:57,1.0625046875000002,False,1,265.78
SPY,Puts,2019-01-27,16:20:05,SPY190128P00209000,209.0,USD,0.01,0.0,0.0,156,307,0.0,0.01,REGULAR,2019-01-28,2019-01-23 02:30:46,1.0625046875000002,False,1,265.78
SPY,Puts,2019-01-27,16:20:05,SPY190128P00210000,210.0,USD,0.01,0.0,0.0,152,492,0.0,0.01,REGULAR,2019-01-28,2019-01-23 02:32:35,1.0312548437500002,False,1,265.78
SPY,Puts,2019-01-27,16:20:05,SPY190128P00211000,211.0,USD,0.01,0.0,0.0,267,268,0.0,0.01,REGULAR,2019-01-28,2019-01-23 02:32:40,1.000005,False,1,265.78
SPY,Puts,2019-01-27,16:20:05,SPY190128P00212000,212.0,USD,0.01,0.0,0.0,6,179,0.0,0.01,REGULAR,2019-01-28,2019-01-23 02:34:12,0.98437515625,False,1,265.78
SPY,Puts,2019-01-27,16:20:05,SPY190128P00214000,214.0,USD,0.03,0.0,0.0,200,210,0.0,0.01,REGULAR,2019-01-28,2019-01-15 02:28:04,0.937500625,False,1,265.78
SPY,Puts,2019-01-27,16:20:05,SPY190128P00215000,215.0,USD,0.01,0.0,0.0,12,36,0.0,0.01,REGULAR,2019-01-28,2019-01-23 02:33:23,0.937500625,False,1,265.78
SPY,Puts,2019-01-27,16:20:05,SPY190128P00216000,216.0,USD,0.05,0.0,0.0,200,201,0.0,0.01,REGULAR,2019-01-28,2019-01-11 02:34:04,0.9062509375,False,1,265.78
SPY,Puts,2019-01-27,16:20:05,SPY190128P00217000,217.0,USD,0.01,0.0,0.0,74,319,0.0,0.01,REGULAR,2019-01-28,2019-01-23 02:17:09,0.9062509375,False,1,265.78
SPY,Puts,2019-01-27,16:20:05,SPY190128P00218000,218.0,USD,0.02,0.0,0.0,500,162,0.0,0.01,REGULAR,2019-01-28,2019-01-17 21:54:50,0.87500125,False,1,265.78
SPY,Puts,2019-01-27,16:20:05,SPY190128P00219000,219.0,USD,0.03,0.0,0.0,500,560,0.0,0.01,REGULAR,2019-01-28,2019-01-15 22:05:56,0.8437515624999999,False,1,265.78
SPY,Puts,2019-01-27,16:20:05,SPY190128P00220000,220.0,USD,0.01,0.0,0.0,2,302,0.0,0.01,REGULAR,2019-01-28,2019-01-23 02:16:57,0.8437515624999999,False,1,265.78
SPY,Puts,2019-01-27,16:20:05,SPY190128P00221000,221.0,USD,0.01,0.0,0.0,12,240,0.0,0.01,REGULAR,2019-01-28,2019-01-23 01:54:08,0.8125018749999999,False,1,265.78
SPY,Puts,2019-01-27,16:20:05,SPY190128P00223000,223.0,USD,0.02,0.0,0.0,61,861,0.0,0.01,REGULAR,2019-01-28,2019-01-23 01:48:59,0.7812521875,False,1,265.78
SPY,Puts,2019-01-27,16:20:05,SPY190128P00224000,224.0,USD,0.1,0.0,0.0,54,67,0.0,0.01,REGULAR,2019-01-28,2019-01-11 02:34:14,0.7656273437500001,False,1,265.78
SPY,Puts,2019-01-27,16:20:05,SPY190128P00225000,225.0,USD,0.01,0.0,0.0,10,1019,0.0,0.01,REGULAR,2019-01-28,2019-01-22 22:22:21,0.7500025,False,1,265.78
SPY,Puts,2019-01-27,16:20:05,SPY190128P00226000,226.0,USD,0.01,0.0,0.0,180,190,0.0,0.01,REGULAR,2019-01-28,2019-01-23 01:20:14,0.7187528125,False,1,265.78
SPY,Puts,2019-01-27,16:20:05,SPY190128P00227000,227.0,USD,0.05,0.0,0.0,20,422,0.0,0.01,REGULAR,2019-01-28,2019-01-16 02:39:46,0.7187528125,False,1,265.78
SPY,Puts,2019-01-27,16:20:05,SPY190128P00228000,228.0,USD,0.01,0.0,0.0,34,498,0.0,0.01,REGULAR,2019-01-28,2019-01-22 23:24:05,0.6875031250000001,False,1,265.78
SPY,Puts,2019-01-27,16:20:05,SPY190128P00229000,229.0,USD,0.02,0.0,0.0,125,395,0.0,0.01,REGULAR,2019-01-28,2019-01-18 21:12:19,0.6718782812500002,False,1,265.78
SPY,Puts,2019-01-27,16:20:05,SPY190128P00230000,230.0,USD,0.01,0.0,0.0,1,1700,0.0,0.01,REGULAR,2019-01-28,2019-01-23 22:24:38,0.6562534375000001,False,1,265.78
SPY,Puts,2019-01-27,16:20:05,SPY190128P00231000,231.0,USD,0.02,0.0,0.0,115,316,0.0,0.01,REGULAR,2019-01-28,2019-01-18 21:13:00,0.64062859375,False,1,265.78
SPY,Puts,2019-01-27,16:20:05,SPY190128P00232000,232.0,USD,0.01,0.0,0.0,1,801,0.0,0.01,REGULAR,2019-01-28,2019-01-23 21:17:21,0.6250037500000001,False,1,265.78
SPY,Puts,2019-01-27,16:20:05,SPY190128P00233000,233.0,USD,0.01,0.0,0.0,20,765,0.0,0.01,REGULAR,2019-01-28,2019-01-23 20:00:57,0.5937540625000001,False,1,265.78
SPY,Puts,2019-01-27,16:20:05,SPY190128P00234000,234.0,USD,0.02,0.0,0.0,10,1763,0.0,0.01,REGULAR,2019-01-28,2019-01-24 00:25:55,0.5937540625000001,False,1,265.78
SPY,Puts,2019-01-27,16:20:05,SPY190128P00235000,235.0,USD,0.02,0.0,0.0,6,1515,0.0,0.01,REGULAR,2019-01-28,2019-01-23 21:19:33,0.5625043750000001,False,1,265.78
SPY,Puts,2019-01-27,16:20:05,SPY190128P00236000,236.0,USD,0.01,-0.01,-50.0,1,1608,0.0,0.01,REGULAR,2019-01-28,2019-01-25 20:10:48,0.5468795312500001,False,1,265.78
SPY,Puts,2019-01-27,16:20:05,SPY190128P00237000,237.0,USD,0.02,0.01,100.0,1,142,0.0,0.01,REGULAR,2019-01-28,2019-01-25 20:10:48,0.5312546875,False,1,265.78
SPY,Puts,2019-01-27,16:20:05,SPY190128P00238000,238.0,USD,0.01,0.0,0.0,5,542,0.0,0.01,REGULAR,2019-01-28,2019-01-24 21:41:44,0.51562984375,False,1,265.78
SPY,Puts,2019-01-27,16:20:05,SPY190128P00239000,239.0,USD,0.14,0.0,0.0,6,311,0.0,0.01,REGULAR,2019-01-28,2019-01-16 20:11:57,0.500005,False,1,265.78
SPY,Puts,2019-01-27,16:20:05,SPY190128P00240000,240.0,USD,0.01,0.0,0.0,8,1102,0.0,0.01,REGULAR,2019-01-28,2019-01-25 20:57:23,0.507817421875,False,1,265.78
SPY,Puts,2019-01-27,16:20:05,SPY190128P00240500,240.5,USD,0.04,0.0,0.0,27,230,0.0,0.01,REGULAR,2019-01-28,2019-01-23 02:44:32,0.500005,False,1,265.78
SPY,Puts,2019-01-27,16:20:05,SPY190128P00241000,241.0,USD,0.02,0.0,0.0,98,216,0.0,0.01,REGULAR,2019-01-28,2019-01-23 23:41:20,0.49219257812500006,False,1,265.78
SPY,Puts,2019-01-27,16:20:05,SPY190128P00242000,242.0,USD,0.02,0.0,0.0,36,370,0.0,0.01,REGULAR,2019-01-28,2019-01-23 23:43:11,0.4687553125,False,1,265.78
SPY,Puts,2019-01-27,16:20:05,SPY190128P00242500,242.5,USD,0.12,0.0,0.0,21,49,0.0,0.01,REGULAR,2019-01-28,2019-01-18 01:22:27,0.46094289062500005,False,1,265.78
SPY,Puts,2019-01-27,16:20:05,SPY190128P00243000,243.0,USD,0.02,0.0,0.0,251,784,0.0,0.01,REGULAR,2019-01-28,2019-01-24 01:08:21,0.45313046875,False,1,265.78
SPY,Puts,2019-01-27,16:20:05,SPY190128P00243500,243.5,USD,0.04,0.0,0.0,1,33,0.0,0.01,REGULAR,2019-01-28,2019-01-23 22:33:47,0.445318046875,False,1,265.78
SPY,Puts,2019-01-27,16:20:05,SPY190128P00244000,244.0,USD,0.04,0.0,0.0,13,1042,0.0,0.01,REGULAR,2019-01-28,2019-01-23 23:37:17,0.437505625,False,1,265.78
SPY,Puts,2019-01-27,16:20:05,SPY190128P00244500,244.5,USD,0.1,0.0,0.0,46,322,0.0,0.01,REGULAR,2019-01-28,2019-01-18 20:11:21,0.42188078125,False,1,265.78
SPY,Puts,2019-01-27,16:20:05,SPY190128P00245000,245.0,USD,0.02,0.0,0.0,218,2286,0.0,0.01,REGULAR,2019-01-28,2019-01-24 01:42:44,0.414068359375,False,1,265.78
SPY,Puts,2019-01-27,16:20:05,SPY190128P00246000,246.0,USD,0.01,0.0,0.0,105,699,0.0,0.01,REGULAR,2019-01-28,2019-01-25 02:13:08,0.398443515625,False,1,265.78
SPY,Puts,2019-01-27,16:20:05,SPY190128P00246500,246.5,USD,0.02,0.0,0.0,15,143,0.0,0.01,REGULAR,2019-01-28,2019-01-24 00:57:26,0.39063109375,False,1,265.78
SPY,Puts,2019-01-27,16:20:05,SPY190128P00247000,247.0,USD,0.01,-0.01,-50.0,40,354,0.0,0.01,REGULAR,2019-01-28,2019-01-25 20:34:53,0.37500625,False,1,265.78
SPY,Puts,2019-01-27,16:20:05,SPY190128P00247500,247.5,USD,0.02,0.0,0.0,14,439,0.0,0.01,REGULAR,2019-01-28,2019-01-24 20:03:10,0.367193828125,False,1,265.78
SPY,Puts,2019-01-27,16:20:05,SPY190128P00248000,248.0,USD,0.02,0.0,0.0,10,2316,0.0,0.01,REGULAR,2019-01-28,2019-01-25 00:28:40,0.35938140625,False,1,265.78
SPY,Puts,2019-01-27,16:20:05,SPY190128P00248500,248.5,USD,0.02,0.0,0.0,18,94,0.0,0.01,REGULAR,2019-01-28,2019-01-24 21:02:13,0.35156898437499995,False,1,265.78
SPY,Puts,2019-01-27,16:20:05,SPY190128P00249000,249.0,USD,0.02,0.0,0.0,15,370,0.0,0.01,REGULAR,2019-01-28,2019-01-25 01:00:07,0.3437565625,False,1,265.78
SPY,Puts,2019-01-27,16:20:05,SPY190128P00249500,249.5,USD,0.02,0.0,0.0,51,640,0.0,0.01,REGULAR,2019-01-28,2019-01-25 00:41:13,0.32813171874999997,False,1,265.78
SPY,Puts,2019-01-27,16:20:05,SPY190128P00250000,250.0,USD,0.01,-0.01,-50.0,19,2475,0.0,0.01,REGULAR,2019-01-28,2019-01-25 23:16:28,0.32031929687499994,False,1,265.78
SPY,Puts,2019-01-27,16:20:05,SPY190128P00250500,250.5,USD,0.01,-0.01,-50.0,17,1335,0.0,0.01,REGULAR,2019-01-28,2019-01-26 01:07:35,0.31250687499999996,False,1,265.78
SPY,Puts,2019-01-27,16:20:05,SPY190128P00251000,251.0,USD,0.01,-0.01,-50.0,200,1200,0.0,0.01,REGULAR,2019-01-28,2019-01-25 20:00:48,0.304694453125,False,1,265.78
SPY,Puts,2019-01-27,16:20:05,SPY190128P00251500,251.5,USD,0.01,-0.01,-50.0,103,130,0.0,0.01,REGULAR,2019-01-28,2019-01-25 20:05:35,0.29688203124999996,False,1,265.78
SPY,Puts,2019-01-27,16:20:05,SPY190128P00252000,252.0,USD,0.01,-0.03,-75.0,442,1907,0.0,0.01,REGULAR,2019-01-28,2019-01-25 20:42:56,0.28125718749999995,False,1,265.78
SPY,Puts,2019-01-27,16:20:05,SPY190128P00252500,252.5,USD,0.01,-0.04,-79.99999,335,233,0.0,0.01,REGULAR,2019-01-28,2019-01-25 21:09:04,0.273444765625,False,1,265.78
SPY,Puts,2019-01-27,16:20:05,SPY190128P00253000,253.0,USD,0.01,-0.02,-66.66667,281,2589,0.0,0.01,REGULAR,2019-01-28,2019-01-26 01:55:39,0.26563234375,False,1,265.78
SPY,Puts,2019-01-27,16:20:05,SPY190128P00253500,253.5,USD,0.01,-0.049999997,-83.33333,12,3506,0.0,0.01,REGULAR,2019-01-28,2019-01-26 02:06:13,0.257819921875,False,1,265.78
SPY,Puts,2019-01-27,16:20:05,SPY190128P00254000,254.0,USD,0.01,-0.060000002,-85.71429,1037,2463,0.0,0.01,REGULAR,2019-01-28,2019-01-26 02:13:58,0.2461012890625,False,1,265.78
SPY,Puts,2019-01-27,16:20:05,SPY190128P00254500,254.5,USD,0.01,-0.049999997,-83.33333,217,1748,0.01,0.02,REGULAR,2019-01-28,2019-01-26 02:44:54,0.257819921875,False,1,265.78
SPY,Puts,2019-01-27,16:20:05,SPY190128P00255000,255.0,USD,0.01,-0.049999997,-83.33333,1223,6301,0.01,0.02,REGULAR,2019-01-28,2019-01-26 02:44:30,0.24805439453125,False,1,265.78
SPY,Puts,2019-01-27,16:20:05,SPY190128P00255500,255.5,USD,0.02,-0.07000001,-77.77779,187,1157,0.01,0.02,REGULAR,2019-01-28,2019-01-26 02:20:58,0.23828886718749998,False,1,265.78
SPY,Puts,2019-01-27,16:20:05,SPY190128P00256000,256.0,USD,0.02,-0.08,-79.99999,392,3522,0.01,0.02,REGULAR,2019-01-28,2019-01-26 02:17:50,0.22657023437499998,False,1,265.78
SPY,Puts,2019-01-27,16:20:05,SPY190128P00256500,256.5,USD,0.02,-0.099999994,-83.33333,970,1832,0.01,0.02,REGULAR,2019-01-28,2019-01-26 00:44:43,0.21875781249999998,False,1,265.78
SPY,Puts,2019-01-27,16:20:05,SPY190128P00257000,257.0,USD,0.02,-0.14,-87.5,1121,2578,0.01,0.02,REGULAR,2019-01-28,2019-01-26 02:26:32,0.20703917968749996,False,1,265.78
SPY,Puts,2019-01-27,16:20:05,SPY190128P00257500,257.5,USD,0.01,-0.14999999,-93.74999,205,872,0.01,0.02,REGULAR,2019-01-28,2019-01-26 02:25:44,0.195320546875,False,1,265.78
SPY,Puts,2019-01-27,16:20:05,SPY190128P00258000,258.0,USD,0.01,-0.22,-95.65217,911,2009,0.01,0.02,REGULAR,2019-01-28,2019-01-26 02:24:49,0.18555501953124998,False,1,265.78
SPY,Puts,2019-01-27,16:20:05,SPY190128P00258500,258.5,USD,0.02,-0.14,-87.5,4357,2091,0.01,0.02,REGULAR,2019-01-28,2019-01-26 02:44:29,0.1757894921875,False,1,265.78
SPY,Puts,2019-01-27,16:20:05,SPY190128P00259000,259.0,USD,0.03,-0.31,-91.17647,2397,2604,0.02,0.03,REGULAR,2019-01-28,2019-01-26 02:05:49,0.1757894921875,False,1,265.78
SPY,Puts,2019-01-27,16:20:05,SPY190128P00259500,259.5,USD,0.03,-0.34,-91.89189,1388,1065,0.02,0.03,REGULAR,2019-01-28,2019-01-26 02:33:09,0.16407085937500002,False,1,265.78
SPY,Puts,2019-01-27,16:20:05,SPY190128P00260000,260.0,USD,0.03,-0.43,-93.478264,4423,3154,0.03,0.04,REGULAR,2019-01-28,2019-01-26 02:37:34,0.161141201171875,False,1,265.78
SPY,Puts,2019-01-27,16:20:05,SPY190128P00261000,261.0,USD,0.06,-0.58,-90.625,3333,2814,0.05,0.06,REGULAR,2019-01-28,2019-01-26 02:41:42,0.148446015625,False,1,265.78
SPY,Puts,2019-01-27,16:20:05,SPY190128P00262000,262.0,USD,0.1,-0.79999995,-88.888885,28683,3116,0.09,0.1,REGULAR,2019-01-28,2019-01-26 02:44:56,0.13868048828125001,False,1,265.78
SPY,Puts,2019-01-27,16:20:05,SPY190128P00263000,263.0,USD,0.16,-1.14,-87.69231,10047,3665,0.15,0.18,REGULAR,2019-01-28,2019-01-26 02:44:58,0.13086806640624998,False,1,265.78
SPY,Puts,2019-01-27,16:20:05,SPY190128P00265000,265.0,USD,0.56,-1.99,-78.039215,28375,621,0.55,0.57,REGULAR,2019-01-28,2019-01-26 02:44:54,0.1157314990234375,False,1,265.78
SPY,Puts,2019-01-27,16:20:05,SPY190128P00266000,266.0,USD,0.95,-1.8199999,-65.70397,23158,567,0.96,1.02,REGULAR,2019-01-28,2019-01-26 02:44:43,0.11524322265625,True,1,265.78
SPY,Puts,2019-01-27,16:20:05,SPY190128P00270000,270.0,USD,4.15,-2.5499997,-38.0597,202,13,3.99,4.28,REGULAR,2019-01-28,2019-01-26 02:44:16,0.132821171875,True,1,265.78
